{"input_size":13,"hidden_size":64,"hidden_weights":[[0.012309067,0.05919175,-0.017092098,-0.040869053,0.011098247,-0.026013365,0.043523163,-0.0023079012,0.056578144,0.005861731,0.0061482424,-0.018556055,-0.0886951,0.0777179,-0.005325298,-0.05116487,0.06608508,-0.07387573,0.017491724,0.06180203,-0.0462152,-0.06342993,0.077373646,0.04624024,-0.08090964,0.0022806656,-0.07184293,0.014471402,0.023020707,-0.05869594,-0.03815159,0.05108915,-0.08788889,0.026323047,0.07075636,-0.05769042,0.030867776,0.04736117,0.040651858,-0.06951418,0.031514354,-0.010167792,-0.03945225,0.10031389,0.07339924,-0.05597493,-0.059022292,0.047875963,0.025346123,0.0075540193,-0.083944954,0.08675175,-0.049168564,-0.010943208,-0.027191453,0.044377174,0.018642053,0.068287686,-0.024424536,-0.073113434,0.067637056,-0.08940545,0.094727136,-0.025604274],[-0.043798976,0.056262158,0.027358174,0.07961251,-0.036956165,-0.061774887,0.06996131,-0.022096025,-0.017549247,0.024211554,0.09772429,0.090057954,0.04435986,-0.10442673,0.096127786,-0.046749797,0.04460611,-0.0040972377,-0.099393636,0.06453568,-0.036878776,0.08252707,-0.022224579,0.03119519,-0.075366125,0.044415724,-0.036657616,-0.113425404,-0.06635528,0.09239447,0.0072816657,0.110507004,-0.080907844,0.08378357,0.09399232,-0.047532283,0.04482684,0.089237854,0.08154862,0.0016660772,0.011786365,0.068551145,-0.07253011,-0.07271985,-0.039401717,0.014296647,-0.060049582,-0.043620907,-0.0025926777,-0.045220602,-0.02714526,-0.036334563,0.071046665,-0.054241836,-0.04964697,-0.0388005,0.030985657,-0.074330844,0.071218185,0.09522162,-0.030666264,-0.011581009,0.013993791,-0.12582909],[-0.07804668,0.035686314,0.0066229007,-0.08710083,-0.10884145,0.13271071,-0.010667178,-0.01953795,-0.085103504,-0.07402218,-0.068046145,-0.0038398688,0.036311854,-0.10658708,-0.000008068801,0.046003684,-0.022024013,-0.034780893,-0.07445644,0.057752084,-0.0056617972,0.13096213,0.093016975,-0.06655998,0.02391916,-0.012121643,-0.06567374,-0.0035073173,-0.012701634,-0.041855186,-0.0684942,-0.03980797,0.061778672,-0.022438286,-0.047901824,0.08957875,-0.068230756,-0.022427013,-0.07429297,-0.05228206,-0.047965344,0.015405211,-0.06684694,-0.013830365,0.107558444,-0.039135143,0.0029315616,-0.01486034,0.06331991,-0.05543729,0.08735263,0.019087117,0.08312628,-0.035827126,0.09225422,0.04005451,0.08531537,-0.09331106,0.025366552,0.065091275,-0.05163336,-0.057389777,0.047026783,-0.03235282],[0.05016952,0.05104377,0.057918426,0.017653786,0.07061579,0.1600112,-0.08155431,-0.021190979,0.0051987655,0.034113705,0.08267778,-0.042719387,-0.04473629,0.05928259,0.0652346,0.12378997,-0.03479561,0.04657284,0.033233214,-0.008473213,-0.061720498,0.122384004,0.07154032,-0.04576867,-0.04126723,0.115742244,-0.010766171,0.06694198,-0.043815732,0.01931295,0.11275965,-0.12792738,-0.026048109,-0.069440976,0.022670215,0.061327122,-0.060077287,0.01572922,0.076865666,-0.009973493,-0.09810837,0.08927144,0.03788529,-0.08193038,0.06925288,0.009439252,-0.06789035,-0.0019590803,0.1110461,0.058198325,0.0779283,-0.027411481,0.10181923,0.030015215,0.05714975,-0.06689287,0.05733996,0.09967308,0.08683681,0.0054838643,0.07096029,0.0739276,-0.040688626,0.07839665],[-0.09770377,0.02580054,0.01934364,0.018808505,0.055663772,-0.118025325,0.06572944,0.023976836,-0.060419362,0.07601796,-0.015901249,0.033702746,0.07842129,-0.07347142,-0.011646507,0.098781176,0.0026849473,0.06511811,0.11451227,0.048599202,0.018082641,-0.07142744,-0.07224279,0.0635722,-0.09001171,-0.12933248,-0.03605988,0.047175046,-0.031998634,0.06929831,-0.09918083,-0.07729106,-0.037100554,0.023564138,0.07390443,0.04730656,0.03358002,0.06329262,-0.06046579,0.07815035,-0.023937052,-0.10571304,0.057886675,0.07448823,-0.023437062,0.06396453,0.06496392,0.0800417,-0.009315751,-0.15602717,0.07870806,0.019094883,-0.046270084,0.042559553,-0.09053978,-0.08564895,0.03548121,0.08088108,0.09257595,0.08323212,0.025720451,0.014053947,-0.034877054,0.04809728],[0.021950934,-0.053112563,-0.03932468,-0.10817905,-0.0798354,0.06688414,0.057037674,0.11957122,0.056688514,0.019372938,0.030301746,-0.09188992,0.020896798,0.055570237,0.00641067,-0.07433664,0.048368618,-0.012761819,-0.04317407,-0.07278971,0.06695269,0.0027978402,0.024089746,-0.038101714,-0.054729007,-0.059723493,-0.005178526,0.023978807,-0.06923549,0.08308031,0.063084215,0.093050405,0.03511793,-0.0064776177,0.07216342,-0.04441479,0.0622996,-0.086583346,0.01951692,0.039379336,0.061118256,0.011539434,0.039566044,0.11858204,-0.07860375,-0.016938686,0.048655674,0.019824816,0.055703674,0.021860749,-0.03592968,0.047047693,-0.055151276,0.012744843,0.06437717,-0.09857524,0.019214503,-0.04046668,0.023813631,-0.04227443,-0.024672572,0.0355446,-0.04163198,-0.05778713],[-0.063862875,0.014965446,0.044464074,0.09857903,-0.07798715,-0.030522633,-0.0216879,0.03668268,-0.04747126,0.08868541,0.062359374,0.14504395,-0.0478197,0.080169246,0.058196478,-0.09309625,-0.06207528,0.0024348674,-0.06574179,-0.063699186,0.016259983,-0.09619374,-0.10365495,0.056267988,-0.04481666,-0.026277492,0.056302316,-0.010020598,-0.013639189,0.064205244,0.09651974,-0.013579054,-0.09957006,-0.05679247,-0.029603591,0.02591413,0.00045880856,-0.1016282,-0.06707215,0.031275168,0.038732134,-0.081887126,-0.102431454,0.028454006,0.0141666,0.03432419,-0.085570954,0.03215303,-0.050381586,-0.11769931,-0.030547498,0.0018332603,0.10010392,-0.08293899,0.03517466,0.08937565,0.07181543,0.003981458,0.08185481,0.018933015,0.03896856,0.09822392,0.060122106,0.016195765],[-0.05407994,0.044780415,-0.06954643,-0.01746038,-0.067427374,-0.07109754,0.08136103,-0.016453546,-0.061096333,-0.011659163,-0.061982825,0.0008013955,0.06935791,-0.046949927,0.025480099,-0.02417875,-0.003940099,-0.07448051,0.051065017,0.100194596,0.008245082,-0.02900651,0.086608976,0.12879626,0.09071834,0.046864502,-0.09231174,0.083714984,-0.09262925,0.04811928,0.15423578,0.06272077,-0.08866763,0.059185687,-0.07800541,-0.0130359335,-0.0067852214,0.09879403,-0.10093112,-0.029921927,0.02127324,-0.11125399,-0.054794464,0.051945746,0.039656937,0.01650985,0.0986014,-0.015080164,-0.12885307,0.10613594,0.04324756,-0.017203536,0.020462645,-0.011151239,-0.10787833,-0.062252562,-0.05380329,-0.0783215,-0.010439918,0.036714982,0.021586226,0.08697459,-0.051112052,-0.07658126],[-0.04434501,-0.064583965,-0.012787521,-0.016778052,0.021699337,0.07017137,0.0574854,-0.03904346,-0.08471861,-0.053928036,-0.09630566,-0.009894906,0.062098842,-0.08779411,-0.040062733,-0.045411564,-0.0034636518,-0.0355196,-0.10658109,0.010895635,-0.051482428,0.07246909,-0.048391677,-0.007964138,-0.08592882,-0.08984974,-0.019289538,-0.11830567,0.04021036,0.09732761,-0.07201353,-0.04303248,0.038414292,0.04283028,0.037790496,-0.08293721,0.031916562,-0.029302455,-0.038276,0.01027573,-0.077054925,0.056989998,-0.0053681605,-0.039415028,0.08749033,-0.03515158,-0.026510194,0.06837185,0.0033549876,-0.07583032,-0.03530178,0.06977483,-0.073500745,0.08154781,0.045085955,-0.07882271,0.08747776,0.02638002,-0.061140347,0.06956568,-0.018361779,-0.043304652,0.088227086,0.01849856],[-0.048837673,-0.063973136,0.017104631,-0.066654615,-0.0058207945,-0.028190661,0.011247256,0.030277565,0.014685069,0.0051866146,-0.035664037,-0.014147569,-0.012550093,0.05860807,-0.021211725,-0.029972913,-0.044313874,0.017668944,-0.031216668,-0.056207832,-0.013793707,0.068156324,0.08863245,0.09262887,-0.037439108,-0.011140325,-0.00429897,-0.03780821,-0.020915486,-0.074012496,-0.025740776,-0.022705618,0.0044564754,0.015168449,-0.035459716,-0.036542393,-0.04523719,0.06479099,-0.05158288,-0.032991216,-0.09245462,-0.06566167,0.04078497,0.10110433,-0.07863749,0.07386768,-0.02817168,0.04132787,0.078563415,-0.013117401,-0.006860498,0.0024195167,0.06643655,0.04635403,0.09748795,-0.06690803,-0.070684575,-0.04245715,-0.07607139,0.08017491,-0.045922928,0.04434,-0.076726176,0.07394981],[-0.010149524,-0.09294293,0.012498756,0.008176035,-0.1010571,0.06963754,0.09050035,-0.06001665,-0.008168351,-0.018631758,0.021765737,-0.04452482,0.09539802,0.066426925,-0.0024877933,-0.09480951,0.021464128,0.07868291,