{"input_size":11,"hidden_size":64,"output_size":8,"hidden_weights":[[0.25695515,-0.013330674,1.3456957,-0.26652813,0.59102374,-0.422079,0.03968828,-0.57787144,-1.2160571,0.03730565,0.2927079,0.5746067,-0.5856553,0.392865,0.6305265,0.76616776,-0.9624548,-0.89093256,-0.9086557,0.91533995,-1.9250352,-0.86743325,0.2756304,-0.24149461,0.59846324,1.777499,-0.20660745,1.0012993,-1.5640795,-0.9851934,-0.23242947,-1.1700565,-1.7286243,0.34453514,-0.057710845,0.68497735,-0.39392543,-1.5225405,0.027170269,-0.70594424,-0.166551,-0.027839603,-0.96019393,-0.6342988,-0.039743006,-0.18330605,-0.9569515,-0.063424714,-2.9542992,-0.123910464,-0.5125058,-0.3042282,0.40840706,0.14038238,0.86022174,-1.3829044,-0.064512275,-1.164243,-0.044160806,-0.18090813,-2.0308151,0.9841397,-0.69477963,-0.9094346],[1.5512137,-0.039327778,-1.9716213,-0.5276443,-1.3477677,0.066147976,-0.5790723,0.41477838,0.41935024,-1.7208594,0.98396796,0.38440508,-1.241402,0.026575975,-0.18603036,0.41777077,0.5384515,-1.4465352,1.5351385,-0.7787747,1.5723933,2.2594042,-0.81580985,-0.2558641,-1.8709555,-0.9551525,-0.0034856894,-0.24479006,2.2026873,0.36865208,-1.414233,0.31785232,-0.435778,0.014525697,-0.046929523,-0.42521995,-0.9982238,1.488226,-0.228771,-1.1179273,-1.7609655,-1.3682516,-0.39682293,0.65886563,0.046229143,-1.1734678,0.5438723,-1.7688307,1.4591511,0.29218706,1.3890464,0.7549674,0.83755183,0.05276861,-0.98008555,1.6990193,-0.07742751,0.4223432,0.095681675,-1.2698667,0.44584075,-0.27295327,-0.83576196,2.394269],[-1.95073,0.016554525,-0.2502893,-0.488628,-0.25797084,-0.4098752,-0.51301587,-0.18021938,-0.4520228,-0.38136393,0.44352356,0.47894907,-0.31706294,1.3216566,0.9339828,0.8238821,0.044500068,-0.53692615,0.67596596,0.13093849,-0.7092357,-0.37991625,-0.2294689,-0.22008397,0.2840266,0.5032772,-0.2750497,0.039694943,-1.4110993,0.6631684,-2.4631772,-0.29783934,0.33271316,0.13650893,-0.08984668,-0.07745448,-1.1411415,-1.8093779,-0.53926027,-1.618357,0.7417004,-0.5076852,-0.9167266,-0.83398336,-0.5569626,-0.17579831,-1.0978969,-0.684542,1.0235039,-0.57010186,0.20078392,-0.6772684,0.6541882,0.2074498,0.2118464,1.7153598,0.038565483,-1.3276596,-0.0644429,-1.1531141,1.871918,1.0927224,-1.283186,-0.01881666],[-0.5852485,0.0069534145,-0.73105305,0.50313956,-0.5207686,-1.0091962,-0.89868385,0.3561408,1.185872,1.0065666,0.26481053,-0.12762278,0.03866595,-3.2085962,-1.4261454,-2.384306,0.7567322,0.43802553,-0.45905593,-0.77157605,1.0087944,-1.9921905,-2.8620462,0.5439342,-0.10761645,-0.24880894,0.8273974,-0.035943724,0.0065726005,0.13985497,-0.34176722,-0.83001655,0.056766972,-1.2521735,-0.03135765,0.16574672,-0.044926666,0.085925594,-0.6039152,0.046107627,0.35571238,0.68956935,-2.7318423,0.85908216,-1.864474,0.12561773,-0.40860614,-1.2582544,0.34648693,-0.045746185,0.3150347,-0.64988625,0.1406722,0.049555708,-0.34095916,-0.037232686,-0.019791005,-2.3979416,-0.032965615,-2.1773179,0.06890702,-0.95395726,-0.34706584,-0.35877734],[-0.13189927,-0.024987739,-1.7407583,0.11355512,-2.1425767,-2.0113237,0.6629797,0.5245939,0.54035497,-1.3084382,-1.9101126,-0.13073191,0.40059033,-0.8139382,-0.9881022,-1.4182948,-0.5883275,0.18582661,-1.0093081,-2.1200361,-1.6297188,0.102260984,0.58624697,-0.23604968,-0.48802552,-1.0539677,-0.056904916,-0.053585913,-0.82729375,-0.0010205583,-1.9074878,1.3162713,-0.6774497,-0.71721476,0.01664142,0.20311075,0.16982405,-0.5633657,-0.7706409,-0.67134076,-1.0777562,0.14947337,1.3051171,0.5685004,0.60766786,-0.19629724,0.114151426,-0.1128554,-0.42155147,-0.016322352,-1.516279,-0.333668,-0.14016525,0.089391485,-0.6314839,-0.42206252,-0.04998071,0.74949723,-0.03513742,-0.16629784,0.3110574,-0.47538182,0.85931575,-1.1707468],[-0.9732817,-0.030970031,-0.22407807,0.15717205,-0.66149074,0.38987935,-0.0037149484,-1.2814642,-1.5329027,0.55502415,-2.2856112,-0.11507441,-0.41130814,-1.7807206,-1.2214304,-0.019686127,0.5109475,-0.08936406,-2.8566475,-0.012839034,0.34110963,-0.7521009,0.69420826,0.01529372,-0.219417,-0.69345886,-0.3910677,-0.18970294,-0.012620005,-1.1275196,-0.5717308,-0.19127245,-1.2519158,-0.20594932,-0.08460441,-1.1890447,0.3046099,0.53682053,-1.170134,-0.12755537,-0.8832345,0.78110325,-1.5222147,-1.2525029,-1.1919488,-0.69433284,-1.3884758,-0.99293894,0.31345677,-1.5447676,-0.85167855,-0.9727073,-0.36146623,0.1137381,-1.0516632,-0.5403163,-0.03848511,-0.9472787,-0.08242504,0.5389177,-0.79837793,-1.0732528,0.13820897,-1.1458349],[-1.3794379,-0.055139575,0.82256556,0.5118391,0.40313986,1.0722334,0.022666186,0.31659496,-0.7194664,-1.3220536,-0.36739105,-0.39850706,0.81447643,0.7107118,-0.3644073,-1.370102,-0.57885206,1.1575843,0.6965184,-0.24639152,-0.59448564,-0.8928064,-0.79282457,0.38441792,-1.4477524,-2.3820987,1.3432224,-1.3643081,0.3333469,-1.6387117,-0.059321176,-0.48624295,0.41839606,0.3120744,0.024999153,-0.8434504,0.690854,0.22606969,-0.92602,0.3057346,-0.6882808,-0.87343425,-0.8795287,-0.4107572,-0.18416607,-0.70939964,1.0642973,-0.057711206,-0.40849143,0.4711862,0.27129424,-1.9523071,-1.7290288,-0.5105565,-0.31971014,-0.8687727,-0.039596476,0.31148735,0.01557873,-0.71766883,-0.4132859,-0.48498076,-0.9527633,1.2588782],[-0.15480044,-0.097601146,-1.1565467,-0.00556611,-0.33341143,-0.053773094,0.014276695,-1.2286005,-0.94586444,-0.45918927,-1.0977421,-0.21854465,-0.57824016,0.78163135,0.2402691,-1.247308,-1.2181383,-0.49670753,-0.71474683,0.31134808,-0.4006301,0.19809334,-2.2228882,-0.028391827,-0.1478822,-1.0602145,-1.5492016,-0.26176986,-1.505344,0.50681096,0.41904464,-1.5212413,-0.77370644,-0.2827794,-0.09462668,-0.4992882,0.08446492,-0.1541492,0.07508014,0.16069447,-2.1481102,-1.5359873,-1.2856247,0.32351488,-1.0009425,0.18688916,-0.054970484,0.9765226,-1.9145993,-1.082306,0.9316605,-1.0632927,-0.5109439,0.060818225,-2.6713085,0.05760173,-0.0826137,0.5157478,0.017006664,0.25846153,-1.2512147,-1.1988262,0.26258838,-0.636024],[0.004092853,-0.07032365,-0.58549696,0.06534822,-0.19581118,-0.474294,-2.6457605,0.307062,-0.11756994,-0.42175323,-1.0966908,-0.22108045,-0.72620636,-0.49812096,-0.17523953,0.17011036,-0.5446519,-0.21454366,-0.6156401,-1.9345201,-0.33936894,0.156828,-0.4999474,0.3945842,-0.0114294905,-0.8842047,-1.3871329,-0.1211853,0.20196597,-0.82851416,-0.14842358,-1.1655778,0.34160867,-0.16776575,-0.10067971,-1.5048622,0.092735454,0.26159385,0.864373,-0.5768601,0.22966084,-0.39355746,0.61972755,-0.8979723,0.9571117,-0.53383905,-0.24124345,-1.2855757,-1.1425991,-0.4784733,-0.8045031,1.1004717,-0.61058503,-0.027382793,0.22418934,-0.35438254,-0.024940068,-0.46790823,-0.06339881,0.51461196,-0.1636118,-2.1026683,-0.27639505,-1.4521524],[1.1030303,-0.048893802,-0.03536254,-0.11722655,-1.1612049,2.2009618,-0.024268022,-1.6725377,-2.1603694,-0.9980643,-0.5025382,-2.8896325,1.9506264,-0.14580484,0.45461938,-0.03852416,0.27305883,-1.2733809,1.1619728,-0.5580548,-1.1838739,-0.36722007,0.14621866,-3.072305,0.7455683,-1.2701737,-1.1470038,-0.097319074,1.5119821,0.37507203,3.0851095,1.5151343,0.60926133,-0.67537344,-0.06556659,0.23518404,-2.0631018,-0.8521125,1.4496657,0.23212084,0.93069047,-1.4967473,-0.06387636,-3.2937293,2.7531283,1.848414,0.09093652,1.2400564,1.3623228,0.30047843,-0.98896146,-1.0763013,0.7350089,-1.6368754,1.0878814,-0.52320516,-0.03241924,0.090468474,-0.08251379,-0.024479771,0.52540624,0.79216135,0.59286726,1.8623075],[-0.75459766,-0.09283855,-2.4784553,-1.6843535,1.6013483,-1.7534741,0.9457624,-0.26983577,0.43659702,0.27176905,2.611851,-0.06624291,-0.998433,-0.834062,-1.2191842,-0.54378486,0.9217442,-0.16462885,0.84744614,0.212418,1.730237,-1.1773336,1.301677,0.67804563,-0.31249195,0.8547385,-1.4879179,1.1012248,0.43714577,2.1782057,-0.24086855,0.714182,0.7588899,1.1432797,-0.058981154,0.7422552,0.8981483,0.1929819,-0.69447756,3.1176558,-0.51550287,0.6829729,0.4032204,-1.1042441,0.34518516,1.0481622,-0.5866564,1.4607567,-0.30973834,2.5802035,-1.0863798,0.4436139,-1.4503872,-1.327001,0.5702548,-0.70773536,0.05661368,-1.4542023,0.0076579913,-0.26540565,-0.2386204,1.5869584,0.4657168,-0.464569]],