{"input_size":14,"hidden_size":64,"output_size":8,"hidden_weights":[[-0.04864982,-0.5237386,0.10965684,-0.933475,-1.2910361,-0.27411193,-1.7150352,1.3361684,-0.421072,-1.153786,0.7221226,0.2665297,-1.5518986,0.046698,-0.86496323,-0.5574504,0.44338945,-0.7099719,-0.960362,-0.30991367,-0.71452165,0.33071655,0.5603643,0.1722681,0.5719076,0.092475,-0.46868378,0.7783981,0.38374197,0.60986316,-0.20466405,-0.104504116,-0.515803,-1.3650628,0.18493912,0.65179217,-0.15035121,-0.06514368,-0.55368894,0.6894812,0.33948943,0.67031914,-0.6727806,0.2167919,-0.29590473,0.38325867,-0.33883566,-0.5330892,-1.0207336,-0.0479377,-1.0484838,-1.6294713,0.18202929,-0.08277519,0.81337965,-0.81501615,-0.09443305,-0.7216322,-0.5687817,-0.5382826,0.076515384,-1.4387727,0.27847812,-0.3821589],[-0.03280903,-0.1643449,-0.07558266,-1.330998,-0.032951456,-0.35588372,-0.3723507,-0.3119379,-1.2035562,0.3902476,-1.648534,0.4753964,-0.82854027,-0.510264,-0.49343663,-0.048551828,0.07683316,1.2750504,-0.29079804,-1.3786551,-0.8295557,-0.527591,-0.9467958,0.39928827,0.1334853,0.9393691,-0.47921968,-1.045612,-0.22491182,2.3985353,0.48419073,0.36738402,-1.7787392,-0.35818645,0.71752197,0.79031754,-1.502771,-1.5490183,-2.2657988,-1.3824351,-0.79049134,-1.5816321,1.1921436,0.01912037,-0.19039446,0.41157666,-0.5735228,-1.1662956,0.27189615,0.0022467608,0.3436169,1.461828,-0.19708179,-0.7551613,0.109339476,0.98780465,-0.8356151,1.3057917,0.78914005,-0.12645508,0.4820298,-0.13129742,0.20413025,-0.37859473],[-0.3036011,-0.45773047,-0.013192286,-0.13835604,-1.3988988,1.116921,0.90506446,-0.94330573,0.041310072,0.064145416,-0.57280713,0.5837226,-0.64010787,0.16156937,0.43241107,0.13587038,-1.499835,-1.3086432,0.08088098,1.3780379,-1.2909981,0.8065178,-0.19875093,-1.3022661,-0.029168786,-0.45544556,-1.402311,-0.10275435,-0.42150238,-1.9108399,0.25664467,-0.5979896,0.6580871,-2.3541071,0.9109101,2.3084137,-1.151704,1.5221591,1.6090848,-0.52054703,0.038767345,0.95900506,1.2020988,0.232429,-1.1679083,0.53717506,0.9843412,0.26194152,-2.0706706,-0.06811791,-1.1564509,2.3851166,-0.15991811,-0.7968416,0.098170884,-0.42869434,-0.5482637,0.0843693,0.7980158,1.2166076,0.48239848,-1.0350674,1.5146141,-0.34811968],[-0.058176525,-0.23640107,0.11914939,-1.983381,-0.2936078,0.23705813,0.09685508,-0.48743382,0.7044996,0.05414169,0.105446935,-0.12666677,0.19903077,0.5825892,-0.2117524,-1.8287832,0.7871703,-0.28842443,-0.11798061,0.05094179,1.1085192,-0.5952056,-0.81197864,0.6205787,-0.6364754,-0.05948637,0.16298656,-1.8214866,-0.428781,-1.2538964,-0.6236231,1.1350305,-0.37626016,0.35857892,0.2095962,-0.4214726,-0.19380939,-0.8010425,0.23195639,-0.62632394,-0.116728455,-0.8055213,0.2254028,0.2690744,0.38870257,-1.9062353,-0.5970736,0.8629963,0.48494223,-0.0818317,-0.8393969,0.10542291,0.21244444,-0.2272325,0.40395963,0.12479947,0.37625688,0.14972469,-1.0196317,-0.9183023,0.043494776,-0.2112253,-0.46736172,0.0348221],[-1.1614054,0.10583249,-0.26957518,-1.2173891,-0.38626444,-2.2904267,-0.050275687,-2.4051316,-0.56303954,0.2837109,-0.8214652,-0.08166251,0.51769364,-0.29879528,-2.4917135,-1.0467893,-0.25466934,-0.2507363,0.9807549,-0.06305434,-0.03861774,-0.07936599,0.28720787,0.575165,0.06943496,-0.40802798,1.2676473,-0.002219113,0.14854065,-1.1128985,-0.82268155,-0.68286,0.074969426,-0.7036637,-0.03445307,-1.013744,-0.12705119,-0.638371,-0.58876044,0.36095402,0.2926796,0.5140898,-0.31431141,-0.6211408,-0.10449002,0.71462125,0.19859768,0.5010326,0.647116,-0.030536795,-0.82644075,0.12815621,0.1438267,-0.21962786,-0.26689276,-0.65598905,0.28985605,-0.02450852,-0.08053375,0.18260328,0.13646765,0.18601422,-0.485153,-1.2035468],[-0.9919066,-0.043311816,-0.120070904,1.0705843,-0.57759964,-0.25699875,0.80035204,-0.24222764,-0.13115732,-0.009554425,-0.42807007,-0.031073764,-0.41853625,-0.12559226,0.41722497,1.2893049,-0.21078232,0.21900643,0.01436048,-0.33819106,-1.2194034,-0.07386582,-2.5350354,-1.2443619,0.6058306,-0.80059403,-0.19886346,0.22447476,-0.051515568,-0.8394818,-0.42903402,-0.28734437,-1.382477,0.3967231,-1.1140581,-0.5249812,-0.48021504,0.22737882,-0.033569973,-0.9880962,0.27092105,-0.48558617,-1.7990317,-2.5235157,0.03941819,-2.4550328,-0.59321606,-2.0814755,0.6769258,-0.012866455,-0.22856255,-0.16101857,0.12419373,0.24718034,-0.6081217,0.30802894,-0.2433013,0.38727546,-2.2251415,0.5629677,0.15613407,-0.8772868,-1.2762934,-1.2442743],[-0.96206385,0.7153464,-1.0929112,-1.1347375,0.9651541,-0.17726889,-1.3393996,1.0133564,1.2033944,-0.6797678,-0.2127134,-0.3802975,0.0126336245,-0.39041314,1.0583998,-0.13836184,-0.27761734,0.2799939,0.5104423,-1.1067634,0.82127273,-1.3144189,0.7547046,-0.49864197,-0.525072,-0.6210111,-1.1813737,-1.2293136,-0.6923052,0.5840635,0.12106874,1.4492141,-0.5787264,-0.7994035,0.015483886,0.46347225,0.71345913,-1.0187296,0.6667521,1.7959579,-0.9098473,-0.275764,0.59913903,0.6896791,0.12489891,0.44168326,0.7144719,-0.25183797,-1.899451,-0.05051483,0.7166597,-1.1789175,0.07480086,0.97070754,-1.5056689,-1.0553081,0.049123,-0.5542892,0.4222233,-0.03460878,-0.6615542,-0.71090835,0.31606755,0.29535833],[0.5549666,-0.7215156,-0.10874944,-0.15538645,0.8949071,0.48465085,-0.40096155,-1.0694509,-0.12500618,0.42328343,-0.37001744,-0.030793456,0.7930627,-0.03127695,0.101801686,-1.9856497,-1.7176956,0.57233304,-0.9702444,0.09190008,-0.6747951,0.10376738,-1.1218352,-0.25517374,-1.3264271,0.07397607,-1.1012597,0.09325764,0.612125,-0.79950255,-1.1055188,-0.99375945,0.06650356,0.037382353,-1.8909421,-1.0329317,-0.93671566,-0.3878717,-1.6631021,-1.6579118,-0.8079245,-0.9363885,0.08931788,-0.13610771,-0.009623734,-0.47878584,-0.525533,0.012032719,-0.29163155,-0.0019626115,0.13060482,-0.7099077,0.2710296,0.16087309,-0.9721587,-0.30737424,0.019636925,0.0011430186,0.77813715,-1.4469703,-0.5639021,0.7529219,-0.7273398,0.32709703],[0.5148553,-0.18365477,-0.2321182,0.7969751,-0.4062226,-1.1959826,0.2068853,0.049711134,-1.3785077,0.18543732,-0.4599063,-0.11026995,-0.19366866,-0.61411667,-0.34483066,-0.2186095,-1.2615265,-0.17178543,-0.9748282,-0.45845595,0.23637433,-0.0006103894,-0.23796982,-1.5328248,-0.6104856,0.1894768,-1.5831218,-0.39113888,-1.0108453,0.31323028,0.64403886,-0.41156784,0.9023667,0.81776625,-0.64938617,-1.7257733,0.07306482,0.25929663,-1.016082,-1.36758,0.07841647,-0.08230339,-0.7366558,-0.7332095,0.5288584,0.25655952,0.21719624,-0.47425696,-1.0479429,0.0113897845,0.5190666,-0.6015605,-0.006292491,-0.2697039,-0.751559,0.061699636,0.12751612,0.06898482,-0.037351824,-0.19061254,-2.067136,-0.26341504,0.5670462,0.20009579],[-0.3158951,-0.42178634,-0.5513511,-0.15619066,-0.4008413,0.42312592,-1.1038889,-0.11769593,0.22798613,-1.5092373,0.9490007,-2.3858058,0.57975745,0.5364099,-0.7270138,-0.42730966,0.05457264,-0.9206974,0.21069326,0.61531335,-0.8075054,0.7498349,1.8086698,-2.8260996,-0.6215579,0.92832714,0.4629318,0.0030669605,0.07492247,1.5499982,1.7781962,-2.2888818,0.4426722,-0.8152443,-0.4918906,0.11935349,2.7528994,0.8900251,0.7326061,-1.7592096,0.33658344,1.2889658,-0.031922225,-1.5954673,-2.3921723,0.082545914,-1.2789631,-1.4744565,-1.032057,-0.01713653,0.4370725,-2.0155933,-2.4468002,0.2666887,-0.05188344,1.4364856,0.104713604,-0.4437557,-0.21019337,-0.1574916,0.7524321,-0.5838334,-0.9321169,0.08152684],[-0.70342505,1.8251356,3.2433145,0.5346689,-0.4958417,-1.050757,-0.39889082,-1.6942655,-1.0087792,0.06880933,0.027954727,0.08126586,-0.123418085,-2.2403991,-0.22825806,-0.16707362,0.78848714,-0.0042458232,-0.06705058,2.0119987,0.598743,-1.155129,0.65469456,0.4522589,-1.5301507,-2.1389103,-0.6029721,-0.22709946,0.3906957,-1.334989,-0.44063503,-2.2368295,-0.649194,-0.16384512,1.2498802,-1.0563518,-1.1803542,-0.5535027,0.09150322,-1.5838432,-1.1008584,-0.07463997,-0.90158916,1.0721521,0.21671155,-1.686545,-0.19903518,0.5044109,-0.11134767,0.011152169,1.8299474,-0.570846,-1.6976266,-1.7037361,-1.3082151,-0.6612649,-0.90935576,-1.5569975,-0.80946183,0.287342,-0.55821896,0.68366814,-0.13792238,1.7397695],[-0.06919513,0.003355883,0.06558693,0.03022433,0.07731988,0.014426306,-0.08055258,0.06247527,